id;name;description;created_at
1;yuck rowdy whoa;../fake-data/blob/hipster.txt;2026-04-16T18:11:56
2;swerve fondly;../fake-data/blob/hipster.txt;2026-04-16T09:46:26
3;till hence;../fake-data/blob/hipster.txt;2026-04-16T20:18:30
4;caption whether;../fake-data/blob/hipster.txt;2026-04-16T08:09:43
5;qua;../fake-data/blob/hipster.txt;2026-04-16T15:50:31
6;geez amongst once;../fake-data/blob/hipster.txt;2026-04-16T10:38:26
7;atop;../fake-data/blob/hipster.txt;2026-04-16T09:43:39
8;dazzling;../fake-data/blob/hipster.txt;2026-04-16T02:17:56
9;furiously reckless provider;../fake-data/blob/hipster.txt;2026-04-16T07:47:36
10;bah unfortunately ah;../fake-data/blob/hipster.txt;2026-04-16T19:56:17
